Input_type;rmse;model;Class
A;2,008;NV;M
B;2,803;NV;M
C;4,576;NV;M
A;1,321;NV;P
B;1,889;NV;P
C;3,228;NV;P
A;10,466;NN;M
B;10,468;NN;M
C;10,466;NN;M
A;11,373;NN;P
B;11,373;NN;P
C;11,373;NN;P
A;1,988;SVM;M
B;2,8;SVM;M
C;4,256;SVM;M
A;1,277;SVM;P
B;1,846;SVM;P
C;2,694;SVM;P
A;1,821;DT;M
B;2,405;DT;M
C;3,993;DT;M
A;1,393;DT;P
B;1,738;DT;P
C;2,885;DT;P
A;1,767;RF;M
B;2,524;RF;M
C;3,959;RF;M
A;1,28;RF;P
B;1,765;RF;P
C;2,636;RF;P
